{
  "polynomial_simplification": {
    "mean": 5706.973148471405,
    "std_dev": 1433.2464666405388,
    "median": 5556.861169227417
  },
  "expression_creation": {
    "mean": 516.2556349274518,
    "std_dev": 125.38682894497632,
    "median": 508.26273545240196
  },
  "basic_solving": {
    "mean": 8296.370563276136,
    "std_dev": 2165.7180316047165,
    "median": 7933.169386163445
  },
  "expression_size_verification": {
    "mean": 0.8486980701177695,
    "std_dev": 0.2209988177883774,
    "median": 0.8288068488945297
  },
  "polynomial_creation": {
    "mean": 59471.67245338515,
    "std_dev": 10925.73324081284,
    "median": 58404.81398348813
  },
  "simplification": {
    "mean": 20.364480480256667,
    "std_dev": 4.26005711486389,
    "median": 20.337240738425617
  },
  "simple_quadratic_real_roots": {
    "mean": 2793.146832880482,
    "std_dev": 1262.909689175312,
    "median": 2459.4024258983272
  },
  "quadratic_complex_roots": {
    "mean": 3295.438878894065,
    "std_dev": 1535.5764299853363,
    "median": 2802.7188838293487
  },
  "perfect_square": {
    "mean": 6722.998455837092,
    "std_dev": 3379.625892228948,
    "median": 5655.251519607844
  },
  "3x\u00b2+-7x+2": {
    "mean": 17407.402537603084,
    "std_dev": 13541.972871549244,
    "median": 12261.898538627262
  },
  "2x\u00b2+3x+-5": {
    "mean": 13667.440483186838,
    "std_dev": 7147.679296699814,
    "median": 11280.150768441572
  },
  "1x\u00b2+0x+-4": {
    "mean": 3527.65459046772,
    "std_dev": 2063.8154518763727,
    "median": 2894.7492262823575
  },
  "5x\u00b2+12x+-8": {
    "mean": 11627.512306622712,
    "std_dev": 5465.649586599587,
    "median": 10011.851623293787
  },
  "nested_rational": {
    "mean": 7140.266552807656,
    "std_dev": 2988.973963656569,
    "median": 6214.654493228226
  },
  "complex_rational_factoring": {
    "mean": 7536.290313890278,
    "std_dev": 2767.7778029641236,
    "median": 6738.944654654655
  },
  "factor_rational": {
    "mean": 6937.73247007927,
    "std_dev": 2836.5054481609823,
    "median": 6220.591994876193
  },
  "partial_fraction_candidate": {
    "mean": 18690.302167385307,
    "std_dev": 10127.60953847864,
    "median": 15962.050684799382
  },
  "50": {
    "mean": 1629.0882973676403,
    "std_dev": 506.6058841646539,
    "median": 1577.0480185151632
  },
  "10": {
    "mean": 58450.112310126846,
    "std_dev": 11637.281692791637,
    "median": 54791.8061326562
  },
  "100": {
    "mean": 2330.8540030044096,
    "std_dev": 536.7432782410376,
    "median": 2252.432689798653
  },
  "500": {
    "mean": 8505816.992000002,
    "std_dev": 3894631.832025876,
    "median": 7770916.7
  },
  "2x2_linear_system": {
    "mean": 1428.1156946751057,
    "std_dev": 283.6238164442701,
    "median": 1370.903884058821
  },
  "3x3_linear_system": {
    "mean": 53516.990040211305,
    "std_dev": 21047.784515869855,
    "median": 49384.84538136282
  },
  "nonlinear_2x2_system": {
    "mean": 23671.778617583037,
    "std_dev": 28425.076831547554,
    "median": 15142.859583333333
  },
  "expand_product": {
    "mean": 5169.0531552384455,
    "std_dev": 3161.1740918340083,
    "median": 3982.070325318753
  },
  "combine_powers": {
    "mean": 4889.779300289482,
    "std_dev": 2207.6674308127663,
    "median": 4092.21485774036
  },
  "collect_like_terms": {
    "mean": 943.5882661179464,
    "std_dev": 414.63838695066266,
    "median": 802.6338172981057
  },
  "multinomial_simplification": {
    "mean": 1341.6192921859931,
    "std_dev": 635.9243562243113,
    "median": 1111.6731121308271
  },
  "15": {
    "mean": 1493.6466023961482,
    "std_dev": 682.2731899878551,
    "median": 1283.6857564408126
  },
  "2": {
    "mean": 415.4672645633569,
    "std_dev": 72.12857543178973,
    "median": 410.6165462823905
  },
  "5": {
    "mean": 52485.905920483405,
    "std_dev": 5490.959644967808,
    "median": 51217.49571846282
  },
  "mixed_partial_y": {
    "mean": 160183.4578747383,
    "std_dev": 18199.859625414236,
    "median": 157792.47540250447
  },
  "mixed_partial_x": {
    "mean": 142704.9596006832,
    "std_dev": 19180.371391876517,
    "median": 138636.9922161172
  },
  "partial_derivative_x": {
    "mean": 39962.62828560996,
    "std_dev": 4146.887206474419,
    "median": 39186.98958333333
  },
  "partial_derivative_y": {
    "mean": 42079.804316101436,
    "std_dev": 7912.893702342216,
    "median": 40358.60393731347
  },
  "memoization_cache_hit_rate": {
    "mean": 1021058.9354545453,
    "std_dev": 1695628.244955753,
    "median": 585217.7727272727
  },
  "memoization_cold_cache": {
    "mean": 41367.046028171244,
    "std_dev": 24010.02143790974,
    "median": 38104.92375825929
  },
  "memoization_warm_cache": {
    "mean": 41408.575249244204,
    "std_dev": 55935.92379668276,
    "median": 30662.2223017988
  },
  "logarithmic_derivative": {
    "mean": 66614.65320784829,
    "std_dev": 10815.726264484514,
    "median": 65031.47783031798
  },
  "quotient_rule": {
    "mean": 209890.5776754354,
    "std_dev": 66870.81040725521,
    "median": 190660.1122512522
  },
  "product_rule": {
    "mean": 85987.63931512456,
    "std_dev": 13736.448174136038,
    "median": 81783.81009737228
  },
  "exponential_derivative": {
    "mean": 38916.150617502266,
    "std_dev": 4267.618272026172,
    "median": 38647.28218461538
  },
  "complex_mixed_derivative": {
    "mean": 123540.95395283595,
    "std_dev": 16664.549021345578,
    "median": 122647.34375
  },
  "chain_rule": {
    "mean": 41696.05187049881,
    "std_dev": 8591.477056203164,
    "median": 40051.600551642114
  },
  "trigonometric_derivative": {
    "mean": 65972.6763019658,
    "std_dev": 7343.995046106868,
    "median": 64705.66711229947
  },
  "1": {
    "mean": 1251.1809845038256,
    "std_dev": 460.62650161848785,
    "median": 1119.4426031050718
  },
  "3": {
    "mean": 53095.74433082772,
    "std_dev": 5829.148161648029,
    "median": 51698.33763453041
  },
  "20": {
    "mean": 60937.277686987996,
    "std_dev": 34037.60125114471,
    "median": 52252.99601029601
  },
  "log_product_rule": {
    "mean": 8459.100145071863,
    "std_dev": 4103.758913621556,
    "median": 7201.432716319825
  },
  "combined_log_rules": {
    "mean": 16597.781240115837,
    "std_dev": 5191.945445031737,
    "median": 14988.785928118392
  },
  "log_quotient_rule": {
    "mean": 10777.914827555058,
    "std_dev": 3583.280972685208,
    "median": 9901.134722222223
  },
  "log_power_rule": {
    "mean": 1954.5378497435092,
    "std_dev": 738.9836171037556,
    "median": 1789.7678546185225
  },
  "large_mixed_expression": {
    "mean": 11786.769652780418,
    "std_dev": 3660.137750736336,
    "median": 10792.29060782967
  },
  "rational_simplification": {
    "mean": 8766.330055528495,
    "std_dev": 4704.631785375795,
    "median": 7198.859756576365
  },
  "quadratic_expansion": {
    "mean": 9179.234255709818,
    "std_dev": 5211.722030639308,
    "median": 7503.16810770751
  },
  "expression_cloning": {
    "mean": 1776.4473899305015,
    "std_dev": 1003.9997183615711,
    "median": 1445.6794053300127
  },
  "expression_size": {
    "mean": 1.4208637831416489,
    "std_dev": 0.5427132463707572,
    "median": 1.233326406839418
  },
  "polynomial_workflow": {
    "mean": 3448.444352834461,
    "std_dev": 1860.4985678090525,
    "median": 3099.4626859267732
  },
  "25": {
    "mean": 1054.0073746725661,
    "std_dev": 388.1503272895223,
    "median": 1003.5849990285177
  },
  "complex_trig_simplification": {
    "mean": 22742.73097798347,
    "std_dev": 9018.620153312131,
    "median": 20535.64298276129
  },
  "trig_quotient": {
    "mean": 4066.329664167928,
    "std_dev": 1540.7780267141386,
    "median": 3693.6368100357586
  },
  "pythagorean_identity": {
    "mean": 23693.608256756346,
    "std_dev": 48772.7960539852,
    "median": 14048.52401753062
  },
  "trig_reciprocal": {
    "mean": 1289.1631300972874,
    "std_dev": 502.68083039544007,
    "median": 1152.9434993787418
  },